meter_id,customer_type,tariff,electric_heating,connection_year,years_connected,district
UA100900,household,single,0,2006,20,Solomianka
UA101907,small_business,dual_zone,0,2001,25,Obolon
UA102894,household,single,0,2008,17,Sviatoshyn
UA103276,household,single,0,1998,27,Solomianka
UA104249,household,dual_zone,1,1988,37,Obolon
UA105762,household,dual_zone,1,2009,16,Podil
UA105998,household,dual_zone,1,2017,8,Sviatoshyn
UA108202,household,single,0,1996,30,Obolon
UA108338,household,dual_zone,1,2004,22,Sviatoshyn
UA108816,household,single,0,2022,3,Solomianka
UA110752,household,single,0,2002,23,Obolon
UA113122,household,dual_zone,1,2016,9,Podil
UA114354,household,single,0,1996,29,Podil 
UA115829,industrial,single,0,2021,4,Sviatoshyn
UA116719,household,single,0,2014,12,SVIATOSHYN
UA117400,household,dual_zone,0,2000,26,Solomianka
UA118691,small_business,single,0,2001,25,Solomianka
UA119870,household,single,1,1993,33,Obolon
UA122125,household,dual_zone,0,2005,21,Darnytsia
UA122443,household,single,0,2004,22,Sviatoshyn
UA122760,household,dual_zone,1,2003,22,Obolon
UA123323,small_business,dual_zone,1,2003,23,Obolon
UA125700,small_business,single,0,2011,15,Obolon
UA125893,household,single,1,2011,15,Obolon
UA127084,household,single,0,2022,4,Podil 
UA127613,household,single,1,2021,5,Obolon 
UA129342,household,single,0,2016,10,Darnytsia
UA129423,small_business,single,0,1996,30,Sviatoshyn
UA130469,small_business,single,0,1996,30,Darnytsia
UA132729,household,single,0,1988,38,Obolon
UA132818,industrial,single,0,2022,3,Solomianka
UA135580,household,single,0,2023,3,Darnytsia
UA137406,household,single,0,1987,38,Obolon
UA139239,household,single,0,2018,8,Darnytsia
UA146688,small_business,single,0,2015,10,Obolon
UA148388,small_business,single,0,1997,29,Darnytsia
UA148421,household,single,1,1988,38,Solomianka
UA148628,household,single,0,1993,32,Solomianka
UA149060,household,single,0,1986,40,Solomianka
UA149677,industrial,dual_zone,0,2013,13,Solomianka
UA151220,industrial,single,0,1993,32,Podil
UA152425,household,single,0,1994,31,Podil
UA154509,small_business,single,0,2006,19,Sviatoshyn
UA154677,industrial,single,0,2007,18,Obolon
UA154776,industrial,dual_zone,0,2000,26,Obolon
UA157160,household,single,0,1992,33,Darnytsia
UA157767,household,single,1,1998,28,Sviatoshyn
UA159491,small_business,single,0,1991,35,Obolon
UA161049,industrial,single,0,1994,31,Darnytsia
UA161233,industrial,single,0,1988,38,Solomianka
UA161774,small_business,single,0,1989,37,Solomianka
UA162934,industrial,single,0,2017,9,Podil
UA163508,small_business,single,0,1985,41,Podil
UA164508,household,dual_zone,1,2022,4,Darnytsia
UA164537,household,dual_zone,1,1988,37,Solomianka
UA165302,household,single,0,1994,31,Obolon 
UA167406,household,single,0,1996,29,Solomianka
UA168035,household,single,1,2013,13,Sviatoshyn
UA168931,household,dual_zone,1,2011,14,Sviatoshyn
UA168989,industrial,single,0,2004,22,Podil
UA170176,household,single,0,1993,33,Sviatoshyn
UA174115,small_business,single,0,1992,34,Podil 
UA176334,small_business,single,0,1994,32,Podil
UA179908,household,single,0,1995,30,Podil
UA180122,household,dual_zone,0,2017,9,Obolon
UA181801,household,single,0,2019,7,Solomianka
UA182511,household,dual_zone,0,2016,9,Sviatoshyn
UA184007,small_business,single,0,2003,22,Podil
UA186234,household,dual_zone,1,2015,10,Darnytsia
UA187013,household,dual_zone,1,1995,30,Darnytsia
UA187087,small_business,single,0,1996,30,Solomianka
UA187157,small_business,single,0,2000,26,Darnytsia
UA187556,industrial,dual_zone,0,2024,2,Solomianka
UA189622,household,single,0,1997,28,Sviatoshyn
UA190310,household,dual_zone,1,2011,14,Podil
UA191074,household,dual_zone,0,1996,30,Solomianka
UA192772,household,single,0,2018,8,Podil
UA192866,industrial,single,0,1997,29,Obolon
UA193565,household,single,0,1995,31,Solomianka
UA194463,household,single,1,1997,28,Podil
UA195981,household,single,0,2021,4,Darnytsia
UA196701,household,dual_zone,1,2008,17,Podil
UA197541,industrial,dual_zone,1,1994,31,Sviatoshyn
UA198751,household,dual_zone,1,2010,15,Obolon
UA199396,industrial,dual_zone,0,1996,30,Podil
UA199690,household,dual_zone,0,2002,24,Solomianka
UA200155,household,single,1,2007,19,Solomianka
UA202064,small_business,single,0,2015,10,Obolon
UA202205,industrial,single,0,1985,41,Sviatoshyn
UA204023,industrial,single,0,2017,9,Solomianka
UA204784,small_business,single,0,1991,34,Podil
UA210432,household,dual_zone,0,2014,11,Podil
UA212878,small_business,single,0,2005,21,Sviatoshyn
UA213246,household,dual_zone,0,2001,25,Darnytsia
UA214384,household,dual_zone,1,2018,8,PODIL
UA214996,household,single,0,2004,21,darnytsia
UA218088,industrial,dual_zone,0,2012,14,Solomianka
UA222038,small_business,single,0,2005,21,Podil
UA222126,household,single,0,1993,33,Solomianka
UA222352,small_business,single,0,2017,8,Solomianka
UA222475,industrial,single,0,2019,6,Darnytsia
UA224154,household,single,0,1993,32,Solomianka
UA224354,household,single,0,2017,8,Obolon
UA225013,small_business,single,0,2018,7,Darnytsia
UA225867,small_business,dual_zone,0,2004,21,Solomianka
UA228391,small_business,single,0,1989,37,Solomianka
UA229976,household,single,1,2019,6,Podil
UA230215,household,dual_zone,0,2024,1,Obolon
UA231438,household,dual_zone,0,2007,19,PODIL
UA231853,household,single,0,2020,5,Podil
UA232256,household,dual_zone,0,2015,11,obolon
UA232615,small_business,dual_zone,0,2004,22,Obolon
UA233404,small_business,single,0,2020,5,Obolon
UA235091,small_business,single,0,2002,23,Sviatoshyn
UA235324,household,single,0,1998,28,Obolon
UA236207,small_business,single,0,1997,29,Podil
UA238876,household,dual_zone,1,1992,34,Solomianka
UA238892,household,single,0,1992,34,Podil
UA239546,household,single,1,2020,6,Sviatoshyn
UA245607,household,dual_zone,0,1996,29,Sviatoshyn
UA246437,household,single,0,1997,29,Solomianka
UA246613,small_business,single,0,2023,2,Solomianka
UA248658,household,single,0,2006,19,Sviatoshyn
UA249075,household,single,0,2010,16,Sviatoshyn 
UA249099,household,single,0,2017,8,Solomianka
UA249360,household,dual_zone,1,2016,9,Solomianka
UA250702,industrial,single,0,2012,13,Podil
UA250727,household,single,1,2014,11,Darnytsia
UA251547,household,dual_zone,1,2000,25,Solomianka
UA252627,household,single,0,1999,27,Solomianka
UA253596,small_business,dual_zone,0,2009,17,Sviatoshyn
UA253971,small_business,single,0,2011,15,Sviatoshyn
UA254593,household,single,0,1991,34,Solomianka
UA258113,small_business,single,0,2017,9,Podil
UA258988,household,dual_zone,1,1990,35,podil
UA259577,household,dual_zone,0,1998,27,Sviatoshyn
UA260601,household,dual_zone,1,1991,34,Sviatoshyn
UA262772,household,single,0,2021,4,Podil
UA263163,small_business,single,0,2014,11,Obolon
UA266820,household,dual_zone,1,2021,5,Podil
UA267221,household,single,1,2008,18,Darnytsia
UA268346,household,single,0,2020,5,Sviatoshyn
UA268596,household,single,0,2024,1,Solomianka
UA271794,household,single,0,1997,28,Solomianka
UA272779,household,single,0,1993,32,Podil
UA274752,household,dual_zone,1,1994,32,Obolon
UA275488,household,dual_zone,1,1996,30,Solomianka
UA275758,household,dual_zone,1,2008,18,Darnytsia
UA277528,household,single,0,2018,7,darnytsia
UA278041,household,dual_zone,1,1986,39,Sviatoshyn
UA279279,household,single,0,2014,12,Obolon
UA279593,household,single,0,2018,8,Darnytsia
UA280800,household,dual_zone,1,2024,1,Podil
UA281019,household,single,0,1998,27,Darnytsia
UA281332,household,single,0,1995,30,Solomianka
UA282303,household,dual_zone,1,2014,12,Obolon
UA284677,household,dual_zone,1,1986,40,Obolon
UA284774,household,dual_zone,1,2015,11,Solomianka
UA284998,industrial,single,0,1989,36,Podil
UA286670,industrial,single,0,2008,17,Solomianka
UA287828,household,single,0,2019,7,Darnytsia
UA287952,small_business,single,0,2008,18,Podil
UA288176,household,single,0,2022,3,Podil
UA289584,industrial,dual_zone,0,1988,38,Sviatoshyn
UA289681,household,dual_zone,1,2020,6,Podil
UA290696,industrial,single,0,1993,32,Podil
UA296634,small_business,dual_zone,0,1995,30,Podil
UA297570,household,single,0,2018,8,Darnytsia
UA300464,household,single,0,2002,23,Darnytsia
UA300992,household,dual_zone,1,1994,32,Darnytsia
UA301039,household,dual_zone,1,2003,23,solomianka
UA303021,small_business,single,0,2015,10,Obolon
UA303132,industrial,single,0,2018,7,Sviatoshyn
UA305216,small_business,single,0,2017,9,Sviatoshyn
UA305623,household,dual_zone,0,2021,4,Solomianka
UA306393,small_business,single,0,2020,6,Podil
UA309233,small_business,single,0,2003,22,Sviatoshyn
UA310457,household,single,1,2003,22,Darnytsia
UA310474,household,dual_zone,0,1987,38,Darnytsia
UA310852,household,single,0,1993,33,Obolon
UA311001,household,single,0,2002,24,Podil 
UA313038,household,dual_zone,1,1996,30,Obolon
UA313325,household,dual_zone,0,2016,10,PODIL
UA314013,small_business,single,0,1993,33,Solomianka
UA317393,small_business,single,1,1995,30,Obolon
UA317920,household,single,0,2003,23,Solomianka
UA318264,household,single,0,2012,14,Podil
UA319365,household,single,1,2020,6,Solomianka
UA320142,household,single,0,2005,20,Darnytsia
UA320540,small_business,single,0,1988,38,Podil
UA321063,small_business,dual_zone,0,2012,14,Sviatoshyn
UA321271,household,single,0,1987,39,Obolon
UA323739,household,dual_zone,1,2024,2,Podil
UA325965,industrial,single,0,1990,36,Sviatoshyn
UA328882,household,single,0,1995,30,Obolon
UA328944,household,single,0,2014,12,Darnytsia
UA330129,household,single,0,2005,20,DARNYTSIA
UA330675,household,dual_zone,0,1988,38,Darnytsia
UA330908,household,dual_zone,0,2024,2,Sviatoshyn
UA332561,household,dual_zone,0,1985,40,Obolon
UA332959,small_business,single,0,2021,4,Solomianka
UA334866,household,single,1,1990,35,Darnytsia
UA335747,small_business,single,0,1994,31,Podil
UA335868,household,single,0,2015,11,Sviatoshyn
UA337895,household,single,0,2023,2,Sviatoshyn
UA339007,small_business,single,0,2005,20,Darnytsia
UA342068,household,single,0,2018,8,Podil
UA342868,household,dual_zone,1,1994,31,Podil
UA343594,household,single,0,1986,39,Sviatoshyn
UA345163,household,single,1,2005,21,Solomianka
UA348619,household,single,1,2018,7,Obolon
UA350729,household,single,0,2013,13,Darnytsia
UA352238,small_business,single,0,2015,11,Darnytsia
UA352432,household,single,0,1991,35,podil
UA353950,small_business,single,0,2023,3,Solomianka
UA354610,household,single,0,2015,10,Sviatoshyn
UA355976,household,dual_zone,0,2016,9,Obolon
UA359122,industrial,single,0,2005,21,Obolon
UA361705,household,single,0,2021,5,Darnytsia
UA362931,small_business,dual_zone,0,2022,3,Solomianka
UA367828,household,single,0,2022,3,Podil
UA367865,industrial,single,0,1996,30,Podil
UA369250,household,single,0,2002,24,Solomianka
UA369854,household,single,0,1989,36,Podil
UA371861,small_business,single,0,1997,28,Solomianka
UA372435,industrial,single,0,2015,11,Obolon
UA374103,household,single,0,2012,14,Sviatoshyn
UA376524,household,single,0,2003,23,OBOLON
UA376896,household,single,0,2020,5,Sviatoshyn
UA378570,household,single,0,2022,4,Solomianka
UA379901,household,single,0,1994,32,Darnytsia
UA380206,household,single,0,2014,11,Podil
UA380549,household,dual_zone,0,1996,29,Solomianka
UA381665,industrial,dual_zone,0,2019,6,Obolon
UA381978,small_business,dual_zone,0,2005,20,Obolon
UA382369,small_business,dual_zone,1,2023,2,Solomianka
UA383996,small_business,single,0,1986,40,Podil
UA385838,small_business,single,0,2012,13,solomianka
UA386514,household,single,0,2018,7,Darnytsia 
UA387153,small_business,single,0,1989,36,Sviatoshyn
UA387334,household,single,0,2019,6,Darnytsia
UA388007,small_business,single,0,1989,37,Sviatoshyn
UA388119,household,single,0,1995,31,Podil
UA390614,industrial,single,0,2023,3,Solomianka
UA390974,household,dual_zone,1,1998,27,Podil
UA391573,household,dual_zone,0,2013,13,Obolon
UA394434,small_business,dual_zone,1,2002,24,Darnytsia
UA395308,household,single,0,2005,21,Darnytsia
UA396011,household,single,0,1991,34,Darnytsia
UA396353,household,single,0,2007,19,Darnytsia
UA397148,small_business,single,0,2023,2,Darnytsia
UA397431,household,single,0,2019,7,Solomianka
UA398849,household,dual_zone,1,1986,39,Darnytsia
UA398999,household,dual_zone,0,1997,29,Darnytsia
UA399437,small_business,single,0,2014,11,Solomianka
UA401031,household,dual_zone,1,1993,33,Podil
UA403546,household,single,0,1996,30,Solomianka
UA403801,small_business,single,0,1996,30,Solomianka
UA404869,household,single,0,1994,32,Podil
UA404889,household,dual_zone,0,2019,6,Sviatoshyn
UA405565,industrial,single,0,2011,15,Obolon
UA405768,household,dual_zone,1,2017,8,Solomianka
UA405898,household,dual_zone,1,1986,40,Obolon
UA406028,household,single,0,1989,37,Solomianka
UA406136,household,single,0,2021,5,Podil
UA408264,household,single,0,2002,23,Solomianka
UA409832,small_business,single,0,2012,13,Sviatoshyn
UA412861,household,single,0,2010,15,Solomianka 
UA413518,industrial,single,0,2000,26,Obolon
UA413831,household,dual_zone,0,2021,5,Solomianka 
UA414739,household,single,0,1990,35,Podil
UA414836,household,single,0,2019,7,Solomianka
UA415325,household,single,0,2002,24,Podil
UA415881,household,single,0,1985,40,Sviatoshyn
UA416113,small_business,single,0,1990,36,OBOLON
UA418340,household,single,0,1985,40,Podil
UA419402,household,dual_zone,0,1986,40,Sviatoshyn
UA420644,household,single,0,2021,5,Sviatoshyn
UA420997,household,dual_zone,1,1999,27,Solomianka 
UA424677,household,dual_zone,1,2008,18,Solomianka
UA425042,household,dual_zone,0,2001,25,Podil
UA425241,industrial,single,0,2022,4,Sviatoshyn
UA425773,household,single,0,2018,7,Podil
UA426038,industrial,dual_zone,0,2022,3,Sviatoshyn
UA428066,small_business,dual_zone,0,1999,27,Podil
UA429562,household,single,0,1987,38,Solomianka
UA431449,industrial,single,0,2013,12,Darnytsia
UA431594,industrial,single,0,2015,10,Solomianka
UA432129,industrial,single,0,2005,21,Obolon
UA433334,household,single,0,1997,28,Obolon
UA433716,household,single,0,1988,37,Sviatoshyn
UA433896,household,single,0,1989,37,Sviatoshyn
UA434092,household,single,0,2022,3,PODIL
UA434464,household,single,0,1989,36,Sviatoshyn
UA434993,household,dual_zone,1,2012,13,Sviatoshyn
UA436574,small_business,dual_zone,1,1990,35,Podil
UA438100,small_business,single,0,2017,8,Podil
UA438834,household,dual_zone,0,2016,10,Podil
UA438835,household,single,0,2011,15,Solomianka
UA439905,industrial,single,0,2010,15,Podil
UA441157,small_business,single,0,1985,41,Podil
UA441521,household,single,0,2023,3,Sviatoshyn
UA442785,industrial,single,0,2009,16,Obolon
UA443441,household,single,0,2006,19,Obolon
UA443782,household,dual_zone,0,2005,20,Podil
UA444265,household,single,0,1985,41,Darnytsia
UA445915,household,single,0,2010,15,Darnytsia
UA446240,industrial,single,0,1992,34,Darnytsia
UA446342,small_business,single,0,1992,33,Darnytsia
UA448500,small_business,single,0,1995,30,darnytsia
UA450104,household,single,0,1994,31,Podil
UA450781,household,single,0,1995,31,Darnytsia
UA453045,household,single,0,2006,20,Solomianka
UA453271,household,single,1,1997,29,Sviatoshyn
UA454873,household,single,0,2009,17,Sviatoshyn
UA455073,household,single,0,2024,1,SOLOMIANKA
UA455554,small_business,single,0,1989,36,Darnytsia
UA455783,household,single,0,2004,22,Podil
UA456391,household,single,0,1985,40,Darnytsia
UA457905,household,dual_zone,1,1997,28,Sviatoshyn
UA458098,household,single,0,1998,28,Sviatoshyn
UA458801,household,single,0,1996,30,podil
UA459463,household,dual_zone,1,1995,31,Solomianka 
UA459577,household,single,0,2014,12,Sviatoshyn 
UA461155,household,dual_zone,1,1998,28,Solomianka
UA461731,household,single,1,1988,38,PODIL
UA464661,household,single,1,1992,33,Darnytsia
UA465193,small_business,single,0,1992,33,Podil
UA467314,household,single,0,2022,4,Darnytsia
UA468429,household,single,0,1999,26,Solomianka
UA469735,small_business,single,0,2014,12,Obolon
UA471412,small_business,single,0,1991,34,Solomianka
UA473069,household,dual_zone,1,1985,40,Solomianka
UA474580,household,single,0,2004,22,podil
UA475221,household,single,0,2015,11,Sviatoshyn
UA476280,industrial,single,0,1997,29,Darnytsia
UA480557,industrial,single,0,1991,35,Sviatoshyn
UA480913,household,single,1,1992,33,Solomianka
UA487357,small_business,dual_zone,0,2023,3,Obolon
UA489772,household,dual_zone,1,1996,29,Solomianka
UA491377,small_business,dual_zone,0,2008,17,Solomianka
UA492268,small_business,single,0,2008,17,podil
UA495327,household,single,0,2014,12,Sviatoshyn
UA497751,small_business,single,0,2020,6,Solomianka
UA498323,industrial,single,0,2020,5,Solomianka
UA499498,household,single,0,1989,37,Darnytsia
UA500366,household,single,0,2002,24,Solomianka
UA500399,household,dual_zone,0,1997,28,Obolon
UA504821,household,single,0,2006,20,Darnytsia
UA505893,small_business,dual_zone,0,2022,4,Obolon
UA506085,household,dual_zone,0,1994,31,Podil
UA506404,small_business,single,0,2012,13,Darnytsia
UA508039,small_business,dual_zone,1,2003,23,Solomianka
UA508621,small_business,dual_zone,0,2021,4,Sviatoshyn
UA508905,household,dual_zone,1,1999,27,Podil
UA509789,industrial,single,0,2000,25,Solomianka
UA510670,household,single,0,1989,37,Podil
UA510906,industrial,single,0,2021,4,DARNYTSIA
UA512202,household,dual_zone,0,2007,18,Podil
UA512436,household,single,0,2014,11,Podil
UA512446,household,single,0,1996,30,Solomianka
UA512550,household,single,0,2003,22,Obolon
UA513124,small_business,dual_zone,0,1989,37,Sviatoshyn
UA514173,household,dual_zone,1,2021,5,Solomianka
UA517708,household,dual_zone,1,2002,24,Podil
UA518608,household,single,0,2006,19,Podil
UA519480,industrial,dual_zone,1,1996,29,Podil
UA522627,household,single,0,2004,22,Obolon
UA524654,household,single,0,2018,8,Podil
UA528055,household,single,0,2019,7,Sviatoshyn
UA528822,household,dual_zone,1,1995,31,Podil
UA531511,small_business,single,0,1996,29,Obolon
UA532817,household,single,0,1996,30,Darnytsia
UA533793,household,single,0,1994,31,Sviatoshyn
UA534686,household,single,0,1995,30,Darnytsia
UA535548,household,single,0,1996,29,Podil
UA536863,small_business,single,0,1985,40,Obolon
UA537122,small_business,dual_zone,1,1993,33,Sviatoshyn
UA539190,household,single,0,2016,10,Obolon
UA539891,small_business,dual_zone,1,1998,27,Podil
UA539938,household,single,0,2020,5,Solomianka 
UA540933,small_business,single,0,1992,34,Darnytsia 
UA541009,household,dual_zone,1,2015,10,Podil
UA541275,small_business,single,0,2009,17,Sviatoshyn
UA542558,household,single,0,1992,34,Obolon
UA543046,household,dual_zone,1,2018,7,Podil
UA543520,small_business,single,0,2016,9,Sviatoshyn
UA544648,household,single,0,2004,22,Podil
UA545853,small_business,single,0,1993,33,Obolon
UA546701,household,single,1,2015,11,Solomianka
UA546770,household,single,0,2007,19,Darnytsia
UA549208,household,dual_zone,1,2000,25,Sviatoshyn
UA549302,household,single,0,2018,8,Sviatoshyn
UA549437,household,dual_zone,0,2011,15,Sviatoshyn
UA550941,small_business,single,0,2006,19,Darnytsia
UA551116,small_business,dual_zone,0,1988,37,Sviatoshyn
UA551196,household,single,0,2015,11,Solomianka
UA551287,small_business,single,0,2010,15,Obolon
UA552188,household,single,0,1994,32,Sviatoshyn
UA552247,industrial,single,0,1995,31,Obolon
UA554823,household,single,0,2008,17,podil
UA558642,small_business,dual_zone,0,2019,7,Obolon
UA559515,household,single,0,2013,13,Obolon
UA562150,small_business,single,0,1993,33,Podil
UA562590,household,single,0,1994,31,Solomianka
UA562982,industrial,single,0,1987,38,Solomianka
UA563082,household,single,0,2015,10,Solomianka
UA564391,household,dual_zone,0,1993,33,SOLOMIANKA
UA567927,household,single,0,1987,39,Darnytsia
UA569848,household,dual_zone,0,2004,22,Sviatoshyn
UA571511,small_business,single,0,2014,12,Sviatoshyn
UA571931,small_business,dual_zone,0,2022,3,Solomianka
UA572428,household,single,0,2016,9,Obolon
UA572429,household,dual_zone,1,1997,28,Solomianka
UA573426,small_business,single,0,1987,39,Solomianka
UA574531,small_business,single,0,2024,1,Podil
UA574656,household,single,0,1998,28,Obolon
UA575147,household,single,0,1987,39,Podil
UA575552,household,dual_zone,1,2013,13,SVIATOSHYN
UA580352,household,dual_zone,0,2022,3,Darnytsia
UA582462,small_business,single,0,2004,21,Solomianka
UA583474,household,single,0,2009,17,Darnytsia
UA583947,household,single,1,2012,14,Sviatoshyn
UA585392,household,single,0,1999,26,Podil
UA586256,household,dual_zone,1,2005,20,Solomianka
UA586719,industrial,single,0,1985,41,Sviatoshyn
UA590124,household,single,0,2022,3,Solomianka
UA602442,household,single,0,1986,40,Darnytsia
UA604060,industrial,single,0,2015,10,Sviatoshyn
UA604625,household,single,0,1987,39,Podil
UA610729,small_business,single,0,2020,5,Darnytsia
UA611620,small_business,single,0,2018,8,darnytsia
UA613212,small_business,single,0,2009,17,Solomianka
UA613339,small_business,single,0,2009,16,Darnytsia
UA613886,small_business,single,0,2010,16,Solomianka
UA619611,industrial,single,0,2008,17,Solomianka
UA620884,small_business,single,0,1995,31,Podil
UA621075,small_business,single,0,2012,14,SVIATOSHYN
UA621913,household,single,0,2003,22,Solomianka
UA622575,household,single,1,2005,20,Podil
UA622921,household,single,0,1996,30,Sviatoshyn
UA622934,industrial,dual_zone,0,2010,15,Podil
UA625129,household,dual_zone,0,2007,18,Solomianka
UA625494,household,dual_zone,1,1985,41,Podil
UA625567,household,dual_zone,1,1992,33,Podil
UA626692,household,dual_zone,1,2022,3,Podil
UA626928,household,single,0,1998,27,Podil
UA627582,small_business,single,0,2011,15,Sviatoshyn
UA628323,small_business,single,0,2023,2,Darnytsia
UA628685,small_business,single,0,1985,40,Podil
UA629362,industrial,single,0,2017,9,PODIL
UA631469,household,single,0,1988,38,Sviatoshyn
UA632971,household,single,0,1987,39,Solomianka
UA634375,industrial,single,0,2008,18,Solomianka
UA634890,small_business,single,0,2000,26,Obolon
UA636113,industrial,single,0,1996,30,Obolon
UA636595,small_business,single,0,2015,11,Podil 
UA637046,small_business,single,0,1986,40,Darnytsia
UA637526,household,single,0,2002,23,Sviatoshyn
UA638182,small_business,single,0,2005,21,Obolon
UA643023,industrial,single,0,2021,4,Sviatoshyn
UA644555,household,single,0,2009,17,Sviatoshyn
UA647549,household,dual_zone,1,1986,39,Obolon
UA648473,household,single,0,1995,30,Podil
UA650375,small_business,single,0,2023,3,Podil
UA650672,industrial,single,0,2021,4,Sviatoshyn
UA651819,household,dual_zone,0,2020,6,Obolon
UA653281,small_business,single,0,2020,5,Podil
UA655636,household,single,0,2005,20,Solomianka
UA658218,household,single,0,1990,36,Solomianka
UA658623,small_business,single,0,1997,29,Darnytsia
UA658643,household,single,0,2003,23,Solomianka
UA658924,small_business,single,0,2001,24,Solomianka
UA659056,household,dual_zone,0,2009,17,Darnytsia
UA661023,household,dual_zone,1,2003,23,Solomianka
UA661858,industrial,single,0,2007,19,Darnytsia
UA661931,household,dual_zone,1,1987,38,Solomianka
UA662174,small_business,single,0,2009,17,Podil
UA662177,household,single,0,2000,26,Sviatoshyn
UA665516,industrial,single,0,2016,9,Podil
UA665833,household,dual_zone,0,2018,8,Solomianka
UA668102,household,single,0,1989,36,Obolon
UA668103,household,single,0,2019,7,Solomianka
UA669737,household,dual_zone,1,1995,30,Darnytsia
UA674865,industrial,single,0,2013,12,Solomianka
UA675231,household,single,0,2001,24,Solomianka
UA675265,household,dual_zone,1,1985,40,Sviatoshyn
UA676740,household,single,0,2013,12,Solomianka
UA677159,small_business,single,0,2016,9,Solomianka
UA677690,household,single,0,2001,25,Obolon
UA678207,household,single,0,2005,21,Solomianka
UA678307,household,dual_zone,1,2011,14,Solomianka
UA678698,household,dual_zone,0,1998,28,Podil
UA678960,household,single,0,2024,1,Obolon
UA679718,household,single,1,2019,7,darnytsia
UA679853,household,single,0,2012,13,Obolon
UA680264,household,single,0,1986,39,Darnytsia
UA680276,household,single,0,2018,8,Podil 
UA681807,household,single,0,1988,37,Sviatoshyn
UA682606,household,single,0,2020,5,Podil
UA682675,household,single,0,2024,2,Sviatoshyn
UA685092,household,single,0,1994,31,Podil
UA689046,household,single,0,1985,40,Obolon
UA691423,small_business,single,0,1993,33,Obolon
UA692792,small_business,single,0,2014,12,Darnytsia
UA695202,household,dual_zone,1,1999,27,Sviatoshyn 
UA696578,household,single,0,2020,5,Sviatoshyn
UA697204,household,single,0,2010,16,Sviatoshyn
UA698453,household,single,0,1990,36,Obolon
UA698496,household,single,0,1986,39,Darnytsia
UA699921,industrial,single,0,2012,13,Sviatoshyn
UA700708,small_business,single,0,1985,41,Solomianka
UA702136,household,single,0,2002,24,Solomianka
UA702730,household,single,0,1998,28,Darnytsia
UA703820,household,dual_zone,1,1995,31,Solomianka
UA704767,industrial,single,0,2020,6,Podil
UA704820,household,dual_zone,0,2023,2,Sviatoshyn
UA705399,small_business,single,0,1998,27,Podil
UA706078,household,dual_zone,0,2023,3,Darnytsia
UA706440,household,single,0,1996,29,Obolon
UA707153,industrial,single,0,2002,23,Darnytsia
UA709210,small_business,single,0,2013,12,Darnytsia 
UA709665,household,single,0,1987,38,Podil
UA709998,household,single,0,1985,40,Sviatoshyn
UA712541,industrial,single,0,1996,30,Darnytsia
UA714236,household,dual_zone,1,1990,36,Sviatoshyn
UA714735,household,single,0,2006,20,Podil
UA715653,industrial,single,0,2002,23,Podil
UA716567,small_business,dual_zone,0,1986,39,Sviatoshyn
UA716652,household,single,0,2012,13,Darnytsia
UA717202,household,dual_zone,0,1988,38,Solomianka
UA717878,small_business,single,0,2005,21,SOLOMIANKA
UA718062,household,single,0,2000,25,Podil
UA719600,household,dual_zone,0,1992,33,Darnytsia
UA722085,small_business,single,0,2005,21,Podil 
UA722099,household,dual_zone,0,1993,32,Darnytsia
UA723406,household,single,0,1990,35,Solomianka
UA724109,household,single,0,1987,38,Darnytsia
UA725862,household,dual_zone,1,2015,11,Solomianka
UA726789,small_business,dual_zone,0,2019,7,Obolon
UA728129,small_business,single,0,1991,34,solomianka
UA728832,small_business,single,1,2013,12,Podil 
UA729062,small_business,single,0,2020,5,PODIL
UA729635,household,dual_zone,1,1992,34,Obolon
UA730222,household,single,0,2015,10,Obolon
UA733312,industrial,single,0,2016,9,Obolon
UA736682,household,single,0,1996,30,Obolon
UA736965,small_business,dual_zone,1,2000,26,Darnytsia
UA736974,small_business,single,0,1997,29,Obolon
UA737265,household,single,1,2005,20,Solomianka
UA739910,household,dual_zone,0,1990,36,Solomianka
UA740326,household,dual_zone,0,1994,32,Solomianka
UA740401,industrial,dual_zone,0,2017,8,Podil
UA741330,household,dual_zone,1,2009,17,Solomianka
UA744060,small_business,dual_zone,1,1987,38,Podil
UA745051,household,dual_zone,0,2014,12,Podil
UA748440,small_business,dual_zone,0,2014,11,Darnytsia
UA749792,small_business,dual_zone,1,2005,20,Darnytsia
UA750058,household,dual_zone,1,2017,8,Darnytsia
UA750102,industrial,single,0,1997,28,Solomianka
UA751677,household,single,0,1985,41,Sviatoshyn
UA751991,household,single,1,1985,40,Obolon
UA752595,household,dual_zone,1,1986,39,Obolon
UA753755,household,single,0,2007,18,Darnytsia
UA754041,household,single,0,1987,39,Solomianka 
UA754820,household,single,0,2006,20,Solomianka
UA756713,small_business,dual_zone,0,1998,27,Solomianka
UA759281,household,single,0,2002,24,Solomianka
UA761551,small_business,single,0,2004,22,Obolon
UA761811,household,single,0,2016,10,darnytsia
UA762621,small_business,single,0,1998,28,Solomianka
UA764528,household,single,0,1993,32,Solomianka
UA765172,household,single,0,1988,37,Podil
UA765485,household,single,0,1996,29,Solomianka
UA765986,small_business,dual_zone,0,1985,40,darnytsia
UA767430,industrial,single,0,2003,23,OBOLON
UA771538,small_business,dual_zone,0,1987,39,Podil
UA772025,household,single,0,1985,40,Obolon
UA772591,household,single,0,2004,22,Obolon
UA773110,industrial,single,0,1993,32,Darnytsia
UA776654,household,single,0,2002,23,Solomianka 
UA777750,household,dual_zone,1,2001,25,Podil
UA780054,household,single,0,2009,17,Sviatoshyn
UA780334,household,single,0,1986,40,Podil
UA780593,household,dual_zone,0,1997,28,Solomianka
UA782948,small_business,single,0,1995,31,Podil
UA783805,household,single,0,1988,38,Solomianka
UA784128,household,dual_zone,0,1993,32,Solomianka
UA786999,industrial,single,0,2011,14,Sviatoshyn
UA788319,household,single,0,2019,6,Podil
UA789936,small_business,dual_zone,1,1995,31,Podil
UA796655,household,single,0,1998,28,Obolon
UA797982,household,single,0,1994,31,Obolon
UA800569,household,dual_zone,1,2017,8,Solomianka
UA800600,household,dual_zone,0,2020,6,Solomianka
UA802012,household,single,0,2011,15,Darnytsia
UA802141,household,dual_zone,1,2008,17,Darnytsia
UA802613,household,dual_zone,1,1986,40,Podil
UA803202,household,dual_zone,1,1988,37,Podil
UA803620,household,single,0,2020,5,Obolon
UA804222,household,dual_zone,1,1999,27,Solomianka
UA805151,small_business,dual_zone,0,1996,29,Darnytsia
UA805241,household,single,0,2007,18,SOLOMIANKA
UA808998,small_business,single,0,2015,10,Podil
UA809101,household,dual_zone,1,1986,40,DARNYTSIA
UA810043,small_business,dual_zone,1,1989,36,Darnytsia
UA810365,industrial,dual_zone,1,2005,20,Sviatoshyn
UA811127,household,single,0,1995,31,DARNYTSIA
UA812501,industrial,single,0,1990,35,Sviatoshyn
UA814274,small_business,dual_zone,1,2004,21,Solomianka
UA815039,household,single,0,1987,38,Darnytsia
UA815580,household,dual_zone,0,2009,17,Solomianka
UA815592,household,dual_zone,1,1999,26,Podil
UA815920,household,single,0,2005,20,Podil
UA816806,household,single,0,1985,41,Podil
UA816880,household,single,0,1989,37,Sviatoshyn
UA817326,household,single,0,2012,13,Sviatoshyn
UA817627,industrial,single,0,2000,26,Darnytsia
UA817773,household,dual_zone,1,2009,17,Darnytsia
UA819049,small_business,single,0,2017,8,Darnytsia
UA819223,small_business,single,0,1994,32,Darnytsia
UA819379,household,single,0,2012,13,Solomianka
UA819586,household,single,1,1989,37,Obolon
UA819724,household,single,0,2000,26,Darnytsia
UA820926,household,dual_zone,1,1994,32,obolon
UA821164,small_business,dual_zone,1,1998,28,Podil
UA822102,small_business,single,0,1991,35,Podil
UA824167,industrial,single,0,1998,27,solomianka
UA827492,small_business,single,0,1996,29,Solomianka
UA829568,household,single,0,2007,18,Solomianka
UA831617,household,single,0,2002,24,Sviatoshyn
UA832609,household,dual_zone,0,2010,16,Darnytsia
UA833491,household,dual_zone,0,1993,33,Podil
UA833573,household,single,0,1999,27,Darnytsia
UA833592,household,single,0,2023,2,Sviatoshyn
UA834273,household,dual_zone,1,2016,9,Solomianka
UA835526,industrial,single,0,1988,37,Obolon
UA836493,household,single,0,2000,26,Darnytsia
UA836538,household,single,0,1999,27,Podil
UA836957,household,single,0,2006,20,Obolon
UA837799,household,single,0,1985,41,Solomianka
UA839982,household,single,0,1999,27,Solomianka
UA842368,household,single,0,2006,20,Darnytsia
UA843703,household,single,0,2003,22,Sviatoshyn
UA843756,household,single,0,1986,39,Darnytsia
UA847924,household,dual_zone,1,1998,28,Podil
UA848209,small_business,single,0,2018,7,Sviatoshyn
UA848693,small_business,single,0,2003,22,Solomianka
UA848758,household,single,0,1985,40,Solomianka
UA849183,household,single,1,2002,23,Darnytsia
UA850893,household,dual_zone,1,2015,10,Sviatoshyn
UA850944,industrial,dual_zone,0,2010,15,Darnytsia
UA851794,small_business,single,0,2019,6,PODIL
UA852016,industrial,single,0,2008,17,Sviatoshyn
UA853294,small_business,single,0,1985,40,Obolon
UA857569,small_business,dual_zone,0,1985,40,Obolon
UA857700,household,single,0,2006,20,Podil
UA858670,household,single,0,2000,25,Podil 
UA858678,household,single,0,2007,18,Obolon
UA859394,small_business,single,0,2008,18,Obolon
UA862431,household,dual_zone,1,2011,14,podil
UA862882,industrial,single,0,2022,4,Obolon
UA862957,household,single,0,2008,17,Sviatoshyn
UA863121,household,dual_zone,0,2008,17,Sviatoshyn
UA867187,household,dual_zone,1,2017,9,Solomianka
UA871206,industrial,single,0,1988,38,Sviatoshyn
UA871830,small_business,dual_zone,0,2012,13,Obolon
UA872013,household,dual_zone,1,1992,34,Obolon
UA873512,household,dual_zone,1,2014,11,PODIL
UA873567,household,single,0,2000,25,Podil
UA874092,household,single,0,1991,34,Darnytsia
UA877383,small_business,single,0,2001,24,Sviatoshyn
UA879644,household,dual_zone,0,2005,20,Solomianka
UA880248,household,dual_zone,0,1988,38,Podil
UA881318,household,single,0,2009,17,Solomianka
UA881345,household,single,0,1989,37,Solomianka
UA882251,household,single,0,2023,3,Podil 
UA883416,household,single,0,1986,40,Podil
UA883665,industrial,dual_zone,0,1996,30,Darnytsia
UA885421,small_business,single,0,2001,24,Podil
UA886346,household,single,0,2010,15,Darnytsia
UA888909,small_business,single,0,1993,32,Obolon
UA888988,household,single,0,1992,33,Sviatoshyn
UA889300,household,single,0,2014,12,Obolon
UA890109,household,single,0,2006,19,Darnytsia
UA890232,household,dual_zone,1,2006,20,Solomianka
UA890854,household,single,0,1998,27,Solomianka 
UA892320,small_business,single,0,1992,34,Podil
UA892865,household,single,0,1993,33,Podil
UA893442,household,single,0,2011,14,Solomianka
UA894795,household,single,0,1992,33,Podil
UA895515,household,single,0,1989,36,Darnytsia
UA896753,household,dual_zone,1,1994,32,OBOLON
UA899057,household,single,0,2023,3,Obolon
UA899368,household,single,0,2004,21,Solomianka
UA900811,household,single,0,2013,13,Solomianka
UA904475,household,single,0,2000,26,Podil
UA904639,household,single,0,1986,40,Podil
UA904947,household,single,0,2019,7,Podil
UA905948,household,single,0,2008,18,Sviatoshyn
UA906277,household,dual_zone,0,1998,28,Darnytsia
UA907095,small_business,dual_zone,0,1991,34,Podil
UA907542,household,single,0,1991,34,Sviatoshyn
UA907777,household,single,0,2024,1,darnytsia
UA907818,small_business,single,0,1993,32,Solomianka
UA907906,household,single,0,1995,31,Sviatoshyn
UA908048,industrial,single,0,2008,18,Solomianka
UA908430,household,single,0,2016,10,Sviatoshyn
UA908690,small_business,single,0,1995,31,Solomianka
UA911704,household,dual_zone,0,2014,11,Solomianka
UA911741,household,single,1,2009,16,Sviatoshyn
UA912256,industrial,dual_zone,1,2002,23,Podil
UA914811,household,single,0,2011,15,Solomianka
UA915355,small_business,dual_zone,0,1992,34,Darnytsia
UA916385,household,dual_zone,1,2008,18,Darnytsia
UA917693,household,single,0,2023,2,Darnytsia
UA921752,household,single,0,2010,15,Darnytsia
UA925182,household,single,0,2002,23,Solomianka
UA925187,industrial,dual_zone,0,2007,18,Darnytsia 
UA925215,household,dual_zone,1,2011,14,Obolon
UA925235,household,dual_zone,1,2015,10,Solomianka
UA925862,household,dual_zone,1,2015,11,Podil
UA926056,household,dual_zone,1,2016,10,Sviatoshyn
UA926319,household,single,0,1993,33,Podil
UA926608,small_business,single,0,1997,28,Podil
UA930884,household,dual_zone,0,2002,23,Sviatoshyn
UA931801,household,single,0,2010,16,Podil
UA932431,household,single,0,2007,18,Obolon
UA932564,industrial,single,0,2018,8,Sviatoshyn
UA933511,household,single,0,1997,28,Darnytsia
UA934094,household,single,1,2013,12,Podil
UA934866,small_business,single,0,2006,19,DARNYTSIA
UA934869,household,single,1,2018,7,Darnytsia
UA936508,industrial,dual_zone,0,1998,27,Podil
UA937343,household,dual_zone,0,2000,25,Sviatoshyn
UA938214,small_business,single,0,1989,36,Podil
UA938219,small_business,single,0,2007,19,Obolon
UA938530,small_business,dual_zone,1,2005,20,Solomianka
UA939357,household,single,0,2017,9,obolon
UA940064,industrial,single,0,1993,32,Obolon
UA940888,household,dual_zone,0,1994,32,podil
UA941110,household,dual_zone,1,2020,5,Darnytsia
UA942550,household,single,0,2017,8,Darnytsia
UA942753,household,single,0,1995,30,Podil
UA944564,industrial,single,0,1988,37,Sviatoshyn
UA946366,household,single,0,1999,27,Solomianka
UA946642,household,dual_zone,1,1992,33,Sviatoshyn
UA947690,industrial,dual_zone,0,2018,8,Podil
UA948082,household,single,0,2021,5,Obolon
UA949230,household,dual_zone,1,2009,16,Sviatoshyn
UA950814,household,single,0,2022,4,Podil
UA951185,household,single,0,2009,17,Solomianka
UA951951,small_business,single,0,1997,29,Podil 
UA952247,household,single,0,2015,11,Solomianka
UA952543,household,single,0,1990,35,Darnytsia
UA952882,household,dual_zone,0,1985,41,Solomianka
UA954064,small_business,single,0,1986,39,Sviatoshyn
UA954454,household,single,0,1998,28,Darnytsia
UA954670,household,dual_zone,1,2002,23,Darnytsia
UA956911,small_business,single,0,2003,23,Darnytsia
UA957399,industrial,single,0,2007,18,Solomianka
UA957621,household,single,0,2000,26,Podil
UA958060,household,single,0,2014,12,Podil
UA958590,household,single,0,2019,7,Solomianka
UA959699,household,dual_zone,0,2021,5,Podil
UA959828,household,single,0,1987,39,Obolon
UA960437,household,single,0,2007,19,Sviatoshyn
UA964481,small_business,single,0,2002,23,solomianka
UA964554,small_business,single,0,2012,13,Darnytsia
UA967049,household,dual_zone,1,2020,5,Obolon
UA969993,household,dual_zone,1,1999,26,Obolon
UA973082,household,single,0,1990,35,Podil
UA973233,small_business,single,0,2023,2,Darnytsia
UA974162,small_business,dual_zone,0,1987,39,Solomianka
UA974206,small_business,single,0,1997,29,Solomianka
UA975264,small_business,single,0,2011,15,Darnytsia
UA975293,household,single,0,2004,21,Podil
UA976254,industrial,single,0,1995,30,Sviatoshyn
UA976919,household,single,0,1991,35,Sviatoshyn
UA977847,household,dual_zone,0,2015,11,Obolon
UA978133,household,single,0,2013,13,Podil
UA979404,household,single,0,2000,25,Podil
UA981855,household,single,0,1998,28,Darnytsia
UA983029,small_business,single,0,2005,20,Darnytsia 
UA983095,industrial,dual_zone,0,2003,23,Obolon
UA983160,household,dual_zone,0,1995,30,Solomianka
UA983318,household,dual_zone,1,2006,20,Darnytsia
UA985616,industrial,single,0,2018,8,Darnytsia 
UA986956,small_business,single,0,2013,13,Podil
UA987392,small_business,single,0,2001,25,Sviatoshyn
UA987463,household,single,0,2009,17,Solomianka
UA990033,household,dual_zone,0,1985,41,Solomianka
UA991150,industrial,single,0,1991,34,Sviatoshyn
UA993039,household,dual_zone,0,2009,16,Podil
UA995785,household,single,0,1995,31,Obolon
UA996522,household,single,0,2002,24,Solomianka
UA997764,small_business,single,0,2002,24,Sviatoshyn
UA997985,small_business,single,0,2022,4,obolon
UA999201,household,dual_zone,1,2013,12,Obolon
UA999922,household,single,0,1999,26,Podil
